Q839301|P11250|"shinto:April 1 (Lunisolar)"
Q839301|Den|"Day of the East Asian Lunisolar Calendar"
Q839167|P11250|"shinto:April 10 (Lunisolar)"
Q839167|Den|"Day of the East Asian Lunisolar Calendar"
Q838941|P11250|"shinto:April 11 (Lunisolar)"
Q838941|Den|"Day of the East Asian Lunisolar Calendar"
Q839183|P11250|"shinto:April 12 (Lunisolar)"
Q839183|Den|"Day of the East Asian Lunisolar Calendar"
Q839173|P11250|"shinto:April 13 (Lunisolar)"
Q839173|Den|"Day of the East Asian Lunisolar Calendar"
Q839045|P11250|"shinto:April 14 (Lunisolar)"
Q839045|Den|"Day of the East Asian Lunisolar Calendar"
Q839077|P11250|"shinto:April 15 (Lunisolar)"
Q839077|Den|"Day of the East Asian Lunisolar Calendar"
Q839296|P11250|"shinto:April 16 (Lunisolar)"
Q839296|Den|"Day of the East Asian Lunisolar Calendar"
Q839398|P11250|"shinto:April 17 (Lunisolar)"
Q839398|Den|"Day of the East Asian Lunisolar Calendar"
Q839394|P11250|"shinto:April 18 (Lunisolar)"
Q839394|Den|"Day of the East Asian Lunisolar Calendar"
Q839333|P11250|"shinto:April 19 (Lunisolar)"
Q839333|Den|"Day of the East Asian Lunisolar Calendar"
Q839120|P11250|"shinto:April 2 (Lunisolar)"
Q839120|Den|"Day of the East Asian Lunisolar Calendar"
Q839311|P11250|"shinto:April 20 (Lunisolar)"
Q839311|Den|"Day of the East Asian Lunisolar Calendar"
Q839373|P11250|"shinto:April 21 (Lunisolar)"
Q839373|Den|"Day of the East Asian Lunisolar Calendar"
Q839306|P11250|"shinto:April 22 (Lunisolar)"
Q839306|Den|"Day of the East Asian Lunisolar Calendar"
Q839362|P11250|"shinto:April 23 (Lunisolar)"
Q839362|Den|"Day of the East Asian Lunisolar Calendar"
Q839640|P11250|"shinto:April 24 (Lunisolar)"
Q839640|Den|"Day of the East Asian Lunisolar Calendar"
Q839510|P11250|"shinto:April 25 (Lunisolar)"
Q839510|Den|"Day of the East Asian Lunisolar Calendar"
Q839623|P11250|"shinto:April 26 (Lunisolar)"
Q839623|Den|"Day of the East Asian Lunisolar Calendar"
Q839450|P11250|"shinto:April 27 (Lunisolar)"
Q839450|Den|"Day of the East Asian Lunisolar Calendar"
Q839506|P11250|"shinto:April 28 (Lunisolar)"
Q839506|Den|"Day of the East Asian Lunisolar Calendar"
Q839489|P11250|"shinto:April 29 (Lunisolar)"
Q839489|Den|"Day of the East Asian Lunisolar Calendar"
Q838906|P11250|"shinto:April 3 (Lunisolar)"
Q838906|Den|"Day of the East Asian Lunisolar Calendar"
Q839471|P11250|"shinto:April 30 (Lunisolar)"
Q839471|Den|"Day of the East Asian Lunisolar Calendar"
Q838910|P11250|"shinto:April 4 (Lunisolar)"
Q838910|Den|"Day of the East Asian Lunisolar Calendar"
Q838972|P11250|"shinto:April 5 (Lunisolar)"
Q838972|Den|"Day of the East Asian Lunisolar Calendar"
Q838869|P11250|"shinto:April 6 (Lunisolar)"
Q838869|Den|"Day of the East Asian Lunisolar Calendar"
Q839052|P11250|"shinto:April 7 (Lunisolar)"
Q839052|Den|"Day of the East Asian Lunisolar Calendar"
Q839007|P11250|"shinto:April 8 (Lunisolar)"
Q839007|Den|"Day of the East Asian Lunisolar Calendar"
Q838863|P11250|"shinto:April 9 (Lunisolar)"
Q838863|Den|"Day of the East Asian Lunisolar Calendar"
Q840103|P11250|"shinto:August 1 (Lunisolar)"
Q840103|Den|"Day of the East Asian Lunisolar Calendar"
Q840142|P11250|"shinto:August 10 (Lunisolar)"
Q840142|Den|"Day of the East Asian Lunisolar Calendar"
Q840149|P11250|"shinto:August 11 (Lunisolar)"
Q840149|Den|"Day of the East Asian Lunisolar Calendar"
Q840295|P11250|"shinto:August 12 (Lunisolar)"
Q840295|Den|"Day of the East Asian Lunisolar Calendar"
Q840292|P11250|"shinto:August 13 (Lunisolar)"
Q840292|Den|"Day of the East Asian Lunisolar Calendar"
Q840163|P11250|"shinto:August 14 (Lunisolar)"
Q840163|Den|"Day of the East Asian Lunisolar Calendar"
Q835516|P11250|"shinto:August 15 (Lunisolar)"
Q835516|Den|"Day of the East Asian Lunisolar Calendar"
Q840140|P11250|"shinto:August 16 (Lunisolar)"
Q840140|Den|"Day of the East Asian Lunisolar Calendar"
Q840155|P11250|"shinto:August 17 (Lunisolar)"
Q840155|Den|"Day of the East Asian Lunisolar Calendar"
Q840278|P11250|"shinto:August 18 (Lunisolar)"
Q840278|Den|"Day of the East Asian Lunisolar Calendar"
Q840369|P11250|"shinto:August 19 (Lunisolar)"
Q840369|Den|"Day of the East Asian Lunisolar Calendar"
Q840066|P11250|"shinto:August 2 (Lunisolar)"
Q840066|Den|"Day of the East Asian Lunisolar Calendar"
Q840168|P11250|"shinto:August 20 (Lunisolar)"
Q840168|Den|"Day of the East Asian Lunisolar Calendar"
Q840225|P11250|"shinto:August 21 (Lunisolar)"
Q840225|Den|"Day of the East Asian Lunisolar Calendar"
Q840093|P11250|"shinto:August 22 (Lunisolar)"
Q840093|Den|"Day of the East Asian Lunisolar Calendar"
Q840342|P11250|"shinto:August 23 (Lunisolar)"
Q840342|Den|"Day of the East Asian Lunisolar Calendar"
Q840034|P11250|"shinto:August 24 (Lunisolar)"
Q840034|Den|"Day of the East Asian Lunisolar Calendar"
Q840095|P11250|"shinto:August 25 (Lunisolar)"
Q840095|Den|"Day of the East Asian Lunisolar Calendar"
Q840395|P11250|"shinto:August 26 (Lunisolar)"
Q840395|Den|"Day of the East Asian Lunisolar Calendar"
Q840411|P11250|"shinto:August 27 (Lunisolar)"
Q840411|Den|"Day of the East Asian Lunisolar Calendar"
Q840180|P11250|"shinto:August 28 (Lunisolar)"
Q840180|Den|"Day of the East Asian Lunisolar Calendar"
Q840048|P11250|"shinto:August 29 (Lunisolar)"
Q840048|Den|"Day of the East Asian Lunisolar Calendar"
Q840073|P11250|"shinto:August 3 (Lunisolar)"
Q840073|Den|"Day of the East Asian Lunisolar Calendar"
Q840315|P11250|"shinto:August 30 (Lunisolar)"
Q840315|Den|"Day of the East Asian Lunisolar Calendar"
Q840014|P11250|"shinto:August 4 (Lunisolar)"
Q840014|Den|"Day of the East Asian Lunisolar Calendar"
Q840100|P11250|"shinto:August 5 (Lunisolar)"
Q840100|Den|"Day of the East Asian Lunisolar Calendar"
Q840382|P11250|"shinto:August 6 (Lunisolar)"
Q840382|Den|"Day of the East Asian Lunisolar Calendar"
Q840221|P11250|"shinto:August 7 (Lunisolar)"
Q840221|Den|"Day of the East Asian Lunisolar Calendar"
Q840029|P11250|"shinto:August 8 (Lunisolar)"
Q840029|Den|"Day of the East Asian Lunisolar Calendar"
Q840134|P11250|"shinto:August 9 (Lunisolar)"
Q840134|Den|"Day of the East Asian Lunisolar Calendar"
Q841044|P11250|"shinto:December 1 (Lunisolar)"
Q841044|Den|"Day of the East Asian Lunisolar Calendar"
Q840475|P11250|"shinto:December 10 (Lunisolar)"
Q840475|Den|"Day of the East Asian Lunisolar Calendar"
Q841109|P11250|"shinto:December 11 (Lunisolar)"
Q841109|Den|"Day of the East Asian Lunisolar Calendar"
Q840870|P11250|"shinto:December 12 (Lunisolar)"
Q840870|Den|"Day of the East Asian Lunisolar Calendar"
Q840518|P11250|"shinto:December 13 (Lunisolar)"
Q840518|Den|"Day of the East Asian Lunisolar Calendar"
Q840558|P11250|"shinto:December 14 (Lunisolar)"
Q840558|Den|"Day of the East Asian Lunisolar Calendar"
Q840846|P11250|"shinto:December 15 (Lunisolar)"
Q840846|Den|"Day of the East Asian Lunisolar Calendar"
Q840555|P11250|"shinto:December 16 (Lunisolar)"
Q840555|Den|"Day of the East Asian Lunisolar Calendar"
Q840561|P11250|"shinto:December 17 (Lunisolar)"
Q840561|Den|"Day of the East Asian Lunisolar Calendar"
Q841094|P11250|"shinto:December 18 (Lunisolar)"
Q841094|Den|"Day of the East Asian Lunisolar Calendar"
Q841038|P11250|"shinto:December 19 (Lunisolar)"
Q841038|Den|"Day of the East Asian Lunisolar Calendar"
Q840458|P11250|"shinto:December 2 (Lunisolar)"
Q840458|Den|"Day of the East Asian Lunisolar Calendar"
Q841057|P11250|"shinto:December 20 (Lunisolar)"
Q841057|Den|"Day of the East Asian Lunisolar Calendar"
Q840864|P11250|"shinto:December 21 (Lunisolar)"
Q840864|Den|"Day of the East Asian Lunisolar Calendar"
Q840480|P11250|"shinto:December 22 (Lunisolar)"
Q840480|Den|"Day of the East Asian Lunisolar Calendar"
Q840484|P11250|"shinto:December 23 (Lunisolar)"
Q840484|Den|"Day of the East Asian Lunisolar Calendar"
Q840461|P11250|"shinto:December 24 (Lunisolar)"
Q840461|Den|"Day of the East Asian Lunisolar Calendar"
Q840564|P11250|"shinto:December 25 (Lunisolar)"
Q840564|Den|"Day of the East Asian Lunisolar Calendar"
Q841097|P11250|"shinto:December 26 (Lunisolar)"
Q841097|Den|"Day of the East Asian Lunisolar Calendar"
Q840878|P11250|"shinto:December 27 (Lunisolar)"
Q840878|Den|"Day of the East Asian Lunisolar Calendar"
Q840497|P11250|"shinto:December 28 (Lunisolar)"
Q840497|Den|"Day of the East Asian Lunisolar Calendar"
Q841041|P11250|"shinto:December 29 (Lunisolar)"
Q841041|Den|"Day of the East Asian Lunisolar Calendar"
Q841033|P11250|"shinto:December 3 (Lunisolar)"
Q841033|Den|"Day of the East Asian Lunisolar Calendar"
Q841067|P11250|"shinto:December 30 (Lunisolar)"
Q841067|Den|"Day of the East Asian Lunisolar Calendar"
Q840515|P11250|"shinto:December 4 (Lunisolar)"
Q840515|Den|"Day of the East Asian Lunisolar Calendar"
Q840524|P11250|"shinto:December 5 (Lunisolar)"
Q840524|Den|"Day of the East Asian Lunisolar Calendar"
Q840467|P11250|"shinto:December 6 (Lunisolar)"
Q840467|Den|"Day of the East Asian Lunisolar Calendar"
Q841049|P11250|"shinto:December 7 (Lunisolar)"
Q841049|Den|"Day of the East Asian Lunisolar Calendar"
Q840464|P11250|"shinto:December 8 (Lunisolar)"
Q840464|Den|"Day of the East Asian Lunisolar Calendar"
Q840489|P11250|"shinto:December 9 (Lunisolar)"
Q840489|Den|"Day of the East Asian Lunisolar Calendar"
Q839036|P11250|"shinto:February 1 (Lunisolar)"
Q839036|Den|"Day of the East Asian Lunisolar Calendar"
Q839320|P11250|"shinto:February 10 (Lunisolar)"
Q839320|Den|"Day of the East Asian Lunisolar Calendar"
Q839324|P11250|"shinto:February 11 (Lunisolar)"
Q839324|Den|"Day of the East Asian Lunisolar Calendar"
Q839357|P11250|"shinto:February 12 (Lunisolar)"
Q839357|Den|"Day of the East Asian Lunisolar Calendar"
Q839152|P11250|"shinto:February 13 (Lunisolar)"
Q839152|Den|"Day of the East Asian Lunisolar Calendar"
Q839244|P11250|"shinto:February 14 (Lunisolar)"
Q839244|Den|"Day of the East Asian Lunisolar Calendar"
Q839233|P11250|"shinto:February 15 (Lunisolar)"
Q839233|Den|"Day of the East Asian Lunisolar Calendar"
Q838949|P11250|"shinto:February 16 (Lunisolar)"
Q838949|Den|"Day of the East Asian Lunisolar Calendar"
Q839221|P11250|"shinto:February 17 (Lunisolar)"
Q839221|Den|"Day of the East Asian Lunisolar Calendar"
Q839086|P11250|"shinto:February 18 (Lunisolar)"
Q839086|Den|"Day of the East Asian Lunisolar Calendar"
Q838945|P11250|"shinto:February 19 (Lunisolar)"
Q838945|Den|"Day of the East Asian Lunisolar Calendar"
Q839197|P11250|"shinto:February 2 (Lunisolar)"
Q839197|Den|"Day of the East Asian Lunisolar Calendar"
Q839292|P11250|"shinto:February 20 (Lunisolar)"
Q839292|Den|"Day of the East Asian Lunisolar Calendar"
Q838987|P11250|"shinto:February 21 (Lunisolar)"
Q838987|Den|"Day of the East Asian Lunisolar Calendar"
Q838887|P11250|"shinto:February 22 (Lunisolar)"
Q838887|Den|"Day of the East Asian Lunisolar Calendar"
Q839069|P11250|"shinto:February 23 (Lunisolar)"
Q839069|Den|"Day of the East Asian Lunisolar Calendar"
Q839101|P11250|"shinto:February 24 (Lunisolar)"
Q839101|Den|"Day of the East Asian Lunisolar Calendar"
Q839178|P11250|"shinto:February 25 (Lunisolar)"
Q839178|Den|"Day of the East Asian Lunisolar Calendar"
Q839011|P11250|"shinto:February 26 (Lunisolar)"
Q839011|Den|"Day of the East Asian Lunisolar Calendar"
Q839141|P11250|"shinto:February 27 (Lunisolar)"
Q839141|Den|"Day of the East Asian Lunisolar Calendar"
Q839059|P11250|"shinto:February 28 (Lunisolar)"
Q839059|Den|"Day of the East Asian Lunisolar Calendar"
Q839288|P11250|"shinto:February 29 (Lunisolar)"
Q839288|Den|"Day of the East Asian Lunisolar Calendar"
Q839187|P11250|"shinto:February 3 (Lunisolar)"
Q839187|Den|"Day of the East Asian Lunisolar Calendar"
Q1116718|P11250|"shinto:February 30 (Lunisolar)"
Q1116718|Den|"Day of the East Asian Lunisolar Calendar"
Q839137|P11250|"shinto:February 4 (Lunisolar)"
Q839137|Den|"Day of the East Asian Lunisolar Calendar"
Q838979|P11250|"shinto:February 5 (Lunisolar)"
Q838979|Den|"Day of the East Asian Lunisolar Calendar"
Q838991|P11250|"shinto:February 6 (Lunisolar)"
Q838991|Den|"Day of the East Asian Lunisolar Calendar"
Q839279|P11250|"shinto:February 7 (Lunisolar)"
Q839279|Den|"Day of the East Asian Lunisolar Calendar"
Q839343|P11250|"shinto:February 8 (Lunisolar)"
Q839343|Den|"Day of the East Asian Lunisolar Calendar"
Q839157|P11250|"shinto:February 9 (Lunisolar)"
Q839157|Den|"Day of the East Asian Lunisolar Calendar"
Q906010|P11250|"shinto:January 1 (Lunisolar)"
Q906010|Den|"Day of the East Asian Lunisolar Calendar"
Q839368|P11250|"shinto:January 10 (Lunisolar)"
Q839368|Den|"Day of the East Asian Lunisolar Calendar"
Q839202|P11250|"shinto:January 11 (Lunisolar)"
Q839202|Den|"Day of the East Asian Lunisolar Calendar"
Q839378|P11250|"shinto:January 12 (Lunisolar)"
Q839378|Den|"Day of the East Asian Lunisolar Calendar"
Q839041|P11250|"shinto:January 13 (Lunisolar)"
Q839041|Den|"Day of the East Asian Lunisolar Calendar"
Q839082|P11250|"shinto:January 14 (Lunisolar)"
Q839082|Den|"Day of the East Asian Lunisolar Calendar"
Q838395|P11250|"shinto:January 15 (Lunisolar)"
Q838395|Den|"Day of the East Asian Lunisolar Calendar"
Q839090|P11250|"shinto:January 16 (Lunisolar)"
Q839090|Den|"Day of the East Asian Lunisolar Calendar"
Q838983|P11250|"shinto:January 17 (Lunisolar)"
Q838983|Den|"Day of the East Asian Lunisolar Calendar"
Q839131|P11250|"shinto:January 18 (Lunisolar)"
Q839131|Den|"Day of the East Asian Lunisolar Calendar"
Q838901|P11250|"shinto:January 19 (Lunisolar)"
Q838901|Den|"Day of the East Asian Lunisolar Calendar"
Q906001|P11250|"shinto:January 2 (Lunisolar)"
Q906001|Den|"Day of the East Asian Lunisolar Calendar"
Q838892|P11250|"shinto:January 20 (Lunisolar)"
Q838892|Den|"Day of the East Asian Lunisolar Calendar"
Q839389|P11250|"shinto:January 21 (Lunisolar)"
Q839389|Den|"Day of the East Asian Lunisolar Calendar"
Q839169|P11250|"shinto:January 22 (Lunisolar)"
Q839169|Den|"Day of the East Asian Lunisolar Calendar"
Q839105|P11250|"shinto:January 23 (Lunisolar)"
Q839105|Den|"Day of the East Asian Lunisolar Calendar"
Q839315|P11250|"shinto:January 24 (Lunisolar)"
Q839315|Den|"Day of the East Asian Lunisolar Calendar"
Q839249|P11250|"shinto:January 25 (Lunisolar)"
Q839249|Den|"Day of the East Asian Lunisolar Calendar"
Q838882|P11250|"shinto:January 26 (Lunisolar)"
Q838882|Den|"Day of the East Asian Lunisolar Calendar"
Q839032|P11250|"shinto:January 27 (Lunisolar)"
Q839032|Den|"Day of the East Asian Lunisolar Calendar"
Q839329|P11250|"shinto:January 28 (Lunisolar)"
Q839329|Den|"Day of the East Asian Lunisolar Calendar"
Q839115|P11250|"shinto:January 29 (Lunisolar)"
Q839115|Den|"Day of the East Asian Lunisolar Calendar"
Q839671|P11250|"shinto:January 3 (Lunisolar)"
Q839671|Den|"Day of the East Asian Lunisolar Calendar"
Q838953|P11250|"shinto:January 30 (Lunisolar)"
Q838953|Den|"Day of the East Asian Lunisolar Calendar"
Q835479|P11250|"shinto:January 4 (Lunisolar)"
Q835479|Den|"Day of the East Asian Lunisolar Calendar"
Q835425|P11250|"shinto:January 5 (Lunisolar)"
Q835425|Den|"Day of the East Asian Lunisolar Calendar"
Q839238|P11250|"shinto:January 6 (Lunisolar)"
Q839238|Den|"Day of the East Asian Lunisolar Calendar"
Q839064|P11250|"shinto:January 7 (Lunisolar)"
Q839064|Den|"Day of the East Asian Lunisolar Calendar"
Q839348|P11250|"shinto:January 8 (Lunisolar)"
Q839348|Den|"Day of the East Asian Lunisolar Calendar"
Q838914|P11250|"shinto:January 9 (Lunisolar)"
Q838914|Den|"Day of the East Asian Lunisolar Calendar"
Q839711|P11250|"shinto:July 1 (Lunisolar)"
Q839711|Den|"Day of the East Asian Lunisolar Calendar"
Q839719|P11250|"shinto:July 10 (Lunisolar)"
Q839719|Den|"Day of the East Asian Lunisolar Calendar"
Q839888|P11250|"shinto:July 11 (Lunisolar)"
Q839888|Den|"Day of the East Asian Lunisolar Calendar"
Q839749|P11250|"shinto:July 12 (Lunisolar)"
Q839749|Den|"Day of the East Asian Lunisolar Calendar"
Q839878|P11250|"shinto:July 13 (Lunisolar)"
Q839878|Den|"Day of the East Asian Lunisolar Calendar"
Q839776|P11250|"shinto:July 14 (Lunisolar)"
Q839776|Den|"Day of the East Asian Lunisolar Calendar"
Q839745|P11250|"shinto:July 15 (Lunisolar)"
Q839745|Den|"Day of the East Asian Lunisolar Calendar"
Q839688|P11250|"shinto:July 16 (Lunisolar)"
Q839688|Den|"Day of the East Asian Lunisolar Calendar"
Q839761|P11250|"shinto:July 17 (Lunisolar)"
Q839761|Den|"Day of the East Asian Lunisolar Calendar"
Q839924|P11250|"shinto:July 18 (Lunisolar)"
Q839924|Den|"Day of the East Asian Lunisolar Calendar"
Q839686|P11250|"shinto:July 19 (Lunisolar)"
Q839686|Den|"Day of the East Asian Lunisolar Calendar"
Q839784|P11250|"shinto:July 2 (Lunisolar)"
Q839784|Den|"Day of the East Asian Lunisolar Calendar"
Q839882|P11250|"shinto:July 20 (Lunisolar)"
Q839882|Den|"Day of the East Asian Lunisolar Calendar"
Q839764|P11250|"shinto:July 21 (Lunisolar)"
Q839764|Den|"Day of the East Asian Lunisolar Calendar"
Q839702|P11250|"shinto:July 22 (Lunisolar)"
Q839702|Den|"Day of the East Asian Lunisolar Calendar"
Q839716|P11250|"shinto:July 23 (Lunisolar)"
Q839716|Den|"Day of the East Asian Lunisolar Calendar"
Q839874|P11250|"shinto:July 24 (Lunisolar)"
Q839874|Den|"Day of the East Asian Lunisolar Calendar"
Q839678|P11250|"shinto:July 25 (Lunisolar)"
Q839678|Den|"Day of the East Asian Lunisolar Calendar"
Q839694|P11250|"shinto:July 26 (Lunisolar)"
Q839694|Den|"Day of the East Asian Lunisolar Calendar"
Q839708|P11250|"shinto:July 27 (Lunisolar)"
Q839708|Den|"Day of the East Asian Lunisolar Calendar"
Q839895|P11250|"shinto:July 28 (Lunisolar)"
Q839895|Den|"Day of the East Asian Lunisolar Calendar"
Q840052|P11250|"shinto:July 29 (Lunisolar)"
Q840052|Den|"Day of the East Asian Lunisolar Calendar"
Q839696|P11250|"shinto:July 3 (Lunisolar)"
Q839696|Den|"Day of the East Asian Lunisolar Calendar"
Q840429|P11250|"shinto:July 30 (Lunisolar)"
Q840429|Den|"Day of the East Asian Lunisolar Calendar"
Q839729|P11250|"shinto:July 4 (Lunisolar)"
Q839729|Den|"Day of the East Asian Lunisolar Calendar"
Q839918|P11250|"shinto:July 5 (Lunisolar)"
Q839918|Den|"Day of the East Asian Lunisolar Calendar"
Q839758|P11250|"shinto:July 6 (Lunisolar)"
Q839758|Den|"Day of the East Asian Lunisolar Calendar"
Q839741|P11250|"shinto:July 7 (Lunisolar)"
Q839741|Den|"Day of the East Asian Lunisolar Calendar"
Q839706|P11250|"shinto:July 8 (Lunisolar)"
Q839706|Den|"Day of the East Asian Lunisolar Calendar"
Q839722|P11250|"shinto:July 9 (Lunisolar)"
Q839722|Den|"Day of the East Asian Lunisolar Calendar"
Q839637|P11250|"shinto:June 1 (Lunisolar)"
Q839637|Den|"Day of the East Asian Lunisolar Calendar"
Q839654|P11250|"shinto:June 10 (Lunisolar)"
Q839654|Den|"Day of the East Asian Lunisolar Calendar"
Q839755|P11250|"shinto:June 11 (Lunisolar)"
Q839755|Den|"Day of the East Asian Lunisolar Calendar"
Q839681|P11250|"shinto:June 12 (Lunisolar)"
Q839681|Den|"Day of the East Asian Lunisolar Calendar"
Q839652|P11250|"shinto:June 13 (Lunisolar)"
Q839652|Den|"Day of the East Asian Lunisolar Calendar"
Q839691|P11250|"shinto:June 14 (Lunisolar)"
Q839691|Den|"Day of the East Asian Lunisolar Calendar"
Q839649|P11250|"shinto:June 15 (Lunisolar)"
Q839649|Den|"Day of the East Asian Lunisolar Calendar"
Q839791|P11250|"shinto:June 16 (Lunisolar)"
Q839791|Den|"Day of the East Asian Lunisolar Calendar"
Q839658|P11250|"shinto:June 17 (Lunisolar)"
Q839658|Den|"Day of the East Asian Lunisolar Calendar"
Q839704|P11250|"shinto:June 18 (Lunisolar)"
Q839704|Den|"Day of the East Asian Lunisolar Calendar"
Q839911|P11250|"shinto:June 19 (Lunisolar)"
Q839911|Den|"Day of the East Asian Lunisolar Calendar"
Q839684|P11250|"shinto:June 2 (Lunisolar)"
Q839684|Den|"Day of the East Asian Lunisolar Calendar"
Q839899|P11250|"shinto:June 20 (Lunisolar)"
Q839899|Den|"Day of the East Asian Lunisolar Calendar"
Q839781|P11250|"shinto:June 21 (Lunisolar)"
Q839781|Den|"Day of the East Asian Lunisolar Calendar"
Q839903|P11250|"shinto:June 22 (Lunisolar)"
Q839903|Den|"Day of the East Asian Lunisolar Calendar"
Q839700|P11250|"shinto:June 23 (Lunisolar)"
Q839700|Den|"Day of the East Asian Lunisolar Calendar"
Q839870|P11250|"shinto:June 24 (Lunisolar)"
Q839870|Den|"Day of the East Asian Lunisolar Calendar"
Q839885|P11250|"shinto:June 25 (Lunisolar)"
Q839885|Den|"Day of the East Asian Lunisolar Calendar"
Q839738|P11250|"shinto:June 26 (Lunisolar)"
Q839738|Den|"Day of the East Asian Lunisolar Calendar"
Q839788|P11250|"shinto:June 27 (Lunisolar)"
Q839788|Den|"Day of the East Asian Lunisolar Calendar"
Q839674|P11250|"shinto:June 28 (Lunisolar)"
Q839674|Den|"Day of the East Asian Lunisolar Calendar"
Q839774|P11250|"shinto:June 29 (Lunisolar)"
Q839774|Den|"Day of the East Asian Lunisolar Calendar"
Q839921|P11250|"shinto:June 3 (Lunisolar)"
Q839921|Den|"Day of the East Asian Lunisolar Calendar"
Q839713|P11250|"shinto:June 30 (Lunisolar)"
Q839713|Den|"Day of the East Asian Lunisolar Calendar"
Q839676|P11250|"shinto:June 4 (Lunisolar)"
Q839676|Den|"Day of the East Asian Lunisolar Calendar"
Q839907|P11250|"shinto:June 5 (Lunisolar)"
Q839907|Den|"Day of the East Asian Lunisolar Calendar"
Q839915|P11250|"shinto:June 6 (Lunisolar)"
Q839915|Den|"Day of the East Asian Lunisolar Calendar"
Q839725|P11250|"shinto:June 7 (Lunisolar)"
Q839725|Den|"Day of the East Asian Lunisolar Calendar"
Q839733|P11250|"shinto:June 8 (Lunisolar)"
Q839733|Den|"Day of the East Asian Lunisolar Calendar"
Q839891|P11250|"shinto:June 9 (Lunisolar)"
Q839891|Den|"Day of the East Asian Lunisolar Calendar"
Q11265179|P11250|"shinto:List of days of the Japanese Lunisolar Calendar"
Q838856|P11250|"shinto:March 1 (Lunisolar)"
Q838856|Den|"Day of the East Asian Lunisolar Calendar"
Q839021|P11250|"shinto:March 10 (Lunisolar)"
Q839021|Den|"Day of the East Asian Lunisolar Calendar"
Q839273|P11250|"shinto:March 11 (Lunisolar)"
Q839273|Den|"Day of the East Asian Lunisolar Calendar"
Q839055|P11250|"shinto:March 12 (Lunisolar)"
Q839055|Den|"Day of the East Asian Lunisolar Calendar"
Q839192|P11250|"shinto:March 13 (Lunisolar)"
Q839192|Den|"Day of the East Asian Lunisolar Calendar"
Q838860|P11250|"shinto:March 14 (Lunisolar)"
Q838860|Den|"Day of the East Asian Lunisolar Calendar"
Q838846|P11250|"shinto:March 15 (Lunisolar)"
Q838846|Den|"Day of the East Asian Lunisolar Calendar"
Q839338|P11250|"shinto:March 16 (Lunisolar)"
Q839338|Den|"Day of the East Asian Lunisolar Calendar"
Q839284|P11250|"shinto:March 17 (Lunisolar)"
Q839284|Den|"Day of the East Asian Lunisolar Calendar"
Q839110|P11250|"shinto:March 18 (Lunisolar)"
Q839110|Den|"Day of the East Asian Lunisolar Calendar"
Q838995|P11250|"shinto:March 19 (Lunisolar)"
Q838995|Den|"Day of the East Asian Lunisolar Calendar"
Q838918|P11250|"shinto:March 2 (Lunisolar)"
Q838918|Den|"Day of the East Asian Lunisolar Calendar"
Q839228|P11250|"shinto:March 20 (Lunisolar)"
Q839228|Den|"Day of the East Asian Lunisolar Calendar"
Q838922|P11250|"shinto:March 21 (Lunisolar)"
Q838922|Den|"Day of the East Asian Lunisolar Calendar"
Q839162|P11250|"shinto:March 22 (Lunisolar)"
Q839162|Den|"Day of the East Asian Lunisolar Calendar"
Q838897|P11250|"shinto:March 23 (Lunisolar)"
Q838897|Den|"Day of the East Asian Lunisolar Calendar"
Q838878|P11250|"shinto:March 24 (Lunisolar)"
Q838878|Den|"Day of the East Asian Lunisolar Calendar"
Q839016|P11250|"shinto:March 25 (Lunisolar)"
Q839016|Den|"Day of the East Asian Lunisolar Calendar"
Q838851|P11250|"shinto:March 26 (Lunisolar)"
Q838851|Den|"Day of the East Asian Lunisolar Calendar"
Q838939|P11250|"shinto:March 27 (Lunisolar)"
Q838939|Den|"Day of the East Asian Lunisolar Calendar"
Q839073|P11250|"shinto:March 28 (Lunisolar)"
Q839073|Den|"Day of the East Asian Lunisolar Calendar"
Q838930|P11250|"shinto:March 29 (Lunisolar)"
Q838930|Den|"Day of the East Asian Lunisolar Calendar"
Q839268|P11250|"shinto:March 3 (Lunisolar)"
Q839268|Den|"Day of the East Asian Lunisolar Calendar"
Q839125|P11250|"shinto:March 30 (Lunisolar)"
Q839125|Den|"Day of the East Asian Lunisolar Calendar"
Q838975|P11250|"shinto:March 4 (Lunisolar)"
Q838975|Den|"Day of the East Asian Lunisolar Calendar"
Q839383|P11250|"shinto:March 5 (Lunisolar)"
Q839383|Den|"Day of the East Asian Lunisolar Calendar"
Q838999|P11250|"shinto:March 6 (Lunisolar)"
Q838999|Den|"Day of the East Asian Lunisolar Calendar"
Q839096|P11250|"shinto:March 7 (Lunisolar)"
Q839096|Den|"Day of the East Asian Lunisolar Calendar"
Q838873|P11250|"shinto:March 8 (Lunisolar)"
Q838873|Den|"Day of the East Asian Lunisolar Calendar"
Q839181|P11250|"shinto:March 9 (Lunisolar)"
Q839181|Den|"Day of the East Asian Lunisolar Calendar"
Q839592|P11250|"shinto:May 1 (Lunisolar)"
Q839592|Den|"Day of the East Asian Lunisolar Calendar"
Q839498|P11250|"shinto:May 10 (Lunisolar)"
Q839498|Den|"Day of the East Asian Lunisolar Calendar"
Q839608|P11250|"shinto:May 11 (Lunisolar)"
Q839608|Den|"Day of the East Asian Lunisolar Calendar"
Q839514|P11250|"shinto:May 12 (Lunisolar)"
Q839514|Den|"Day of the East Asian Lunisolar Calendar"
Q839587|P11250|"shinto:May 13 (Lunisolar)"
Q839587|Den|"Day of the East Asian Lunisolar Calendar"
Q839544|P11250|"shinto:May 14 (Lunisolar)"
Q839544|Den|"Day of the East Asian Lunisolar Calendar"
Q839538|P11250|"shinto:May 15 (Lunisolar)"
Q839538|Den|"Day of the East Asian Lunisolar Calendar"
Q839633|P11250|"shinto:May 16 (Lunisolar)"
Q839633|Den|"Day of the East Asian Lunisolar Calendar"
Q839613|P11250|"shinto:May 17 (Lunisolar)"
Q839613|Den|"Day of the East Asian Lunisolar Calendar"
Q839646|P11250|"shinto:May 18 (Lunisolar)"
Q839646|Den|"Day of the East Asian Lunisolar Calendar"
Q839577|P11250|"shinto:May 19 (Lunisolar)"
Q839577|Den|"Day of the East Asian Lunisolar Calendar"
Q839604|P11250|"shinto:May 2 (Lunisolar)"
Q839604|Den|"Day of the East Asian Lunisolar Calendar"
Q839598|P11250|"shinto:May 20 (Lunisolar)"
Q839598|Den|"Day of the East Asian Lunisolar Calendar"
Q839620|P11250|"shinto:May 21 (Lunisolar)"
Q839620|Den|"Day of the East Asian Lunisolar Calendar"
Q839534|P11250|"shinto:May 22 (Lunisolar)"
Q839534|Den|"Day of the East Asian Lunisolar Calendar"
Q839558|P11250|"shinto:May 23 (Lunisolar)"
Q839558|Den|"Day of the East Asian Lunisolar Calendar"
Q839627|P11250|"shinto:May 24 (Lunisolar)"
Q839627|Den|"Day of the East Asian Lunisolar Calendar"
Q839582|P11250|"shinto:May 25 (Lunisolar)"
Q839582|Den|"Day of the East Asian Lunisolar Calendar"
Q839541|P11250|"shinto:May 26 (Lunisolar)"
Q839541|Den|"Day of the East Asian Lunisolar Calendar"
Q839551|P11250|"shinto:May 27 (Lunisolar)"
Q839551|Den|"Day of the East Asian Lunisolar Calendar"
Q839548|P11250|"shinto:May 28 (Lunisolar)"
Q839548|Den|"Day of the East Asian Lunisolar Calendar"
Q839553|P11250|"shinto:May 29 (Lunisolar)"
Q839553|Den|"Day of the East Asian Lunisolar Calendar"
Q839457|P11250|"shinto:May 3 (Lunisolar)"
Q839457|Den|"Day of the East Asian Lunisolar Calendar"
Q839572|P11250|"shinto:May 30 (Lunisolar)"
Q839572|Den|"Day of the East Asian Lunisolar Calendar"
Q839643|P11250|"shinto:May 4 (Lunisolar)"
Q839643|Den|"Day of the East Asian Lunisolar Calendar"
Q839531|P11250|"shinto:May 5 (Lunisolar)"
Q839531|Den|"Day of the East Asian Lunisolar Calendar"
Q839503|P11250|"shinto:May 6 (Lunisolar)"
Q839503|Den|"Day of the East Asian Lunisolar Calendar"
Q839493|P11250|"shinto:May 7 (Lunisolar)"
Q839493|Den|"Day of the East Asian Lunisolar Calendar"
Q839617|P11250|"shinto:May 8 (Lunisolar)"
Q839617|Den|"Day of the East Asian Lunisolar Calendar"
Q839631|P11250|"shinto:May 9 (Lunisolar)"
Q839631|Den|"Day of the East Asian Lunisolar Calendar"
Q840273|P11250|"shinto:November 1 (Lunisolar)"
Q840273|Den|"Day of the East Asian Lunisolar Calendar"
Q840209|P11250|"shinto:November 10 (Lunisolar)"
Q840209|Den|"Day of the East Asian Lunisolar Calendar"
Q840338|P11250|"shinto:November 11 (Lunisolar)"
Q840338|Den|"Day of the East Asian Lunisolar Calendar"
Q840309|P11250|"shinto:November 12 (Lunisolar)"
Q840309|Den|"Day of the East Asian Lunisolar Calendar"
Q840090|P11250|"shinto:November 13 (Lunisolar)"
Q840090|Den|"Day of the East Asian Lunisolar Calendar"
Q840020|P11250|"shinto:November 14 (Lunisolar)"
Q840020|Den|"Day of the East Asian Lunisolar Calendar"
Q840417|P11250|"shinto:November 15 (Lunisolar)"
Q840417|Den|"Day of the East Asian Lunisolar Calendar"
Q840329|P11250|"shinto:November 16 (Lunisolar)"
Q840329|Den|"Day of the East Asian Lunisolar Calendar"
Q840334|P11250|"shinto:November 17 (Lunisolar)"
Q840334|Den|"Day of the East Asian Lunisolar Calendar"
Q840471|P11250|"shinto:November 18 (Lunisolar)"
Q840471|Den|"Day of the East Asian Lunisolar Calendar"
Q840504|P11250|"shinto:November 19 (Lunisolar)"
Q840504|Den|"Day of the East Asian Lunisolar Calendar"
Q840081|P11250|"shinto:November 2 (Lunisolar)"
Q840081|Den|"Day of the East Asian Lunisolar Calendar"
Q840455|P11250|"shinto:November 20 (Lunisolar)"
Q840455|Den|"Day of the East Asian Lunisolar Calendar"
Q841085|P11250|"shinto:November 21 (Lunisolar)"
Q841085|Den|"Day of the East Asian Lunisolar Calendar"
Q840493|P11250|"shinto:November 22 (Lunisolar)"
Q840493|Den|"Day of the East Asian Lunisolar Calendar"
Q840512|P11250|"shinto:November 23 (Lunisolar)"
Q840512|Den|"Day of the East Asian Lunisolar Calendar"
Q841053|P11250|"shinto:November 24 (Lunisolar)"
Q841053|Den|"Day of the East Asian Lunisolar Calendar"
Q841028|P11250|"shinto:November 25 (Lunisolar)"
Q841028|Den|"Day of the East Asian Lunisolar Calendar"
Q840854|P11250|"shinto:November 26 (Lunisolar)"
Q840854|Den|"Day of the East Asian Lunisolar Calendar"
Q841078|P11250|"shinto:November 27 (Lunisolar)"
Q841078|Den|"Day of the East Asian Lunisolar Calendar"
Q841105|P11250|"shinto:November 28 (Lunisolar)"
Q841105|Den|"Day of the East Asian Lunisolar Calendar"
Q840521|P11250|"shinto:November 29 (Lunisolar)"
Q840521|Den|"Day of the East Asian Lunisolar Calendar"
Q840011|P11250|"shinto:November 3 (Lunisolar)"
Q840011|Den|"Day of the East Asian Lunisolar Calendar"
Q841089|P11250|"shinto:November 30 (Lunisolar)"
Q841089|Den|"Day of the East Asian Lunisolar Calendar"
Q840046|P11250|"shinto:November 4 (Lunisolar)"
Q840046|Den|"Day of the East Asian Lunisolar Calendar"
Q840230|P11250|"shinto:November 5 (Lunisolar)"
Q840230|Den|"Day of the East Asian Lunisolar Calendar"
Q840283|P11250|"shinto:November 6 (Lunisolar)"
Q840283|Den|"Day of the East Asian Lunisolar Calendar"
Q840377|P11250|"shinto:November 7 (Lunisolar)"
Q840377|Den|"Day of the East Asian Lunisolar Calendar"
Q840260|P11250|"shinto:November 8 (Lunisolar)"
Q840260|Den|"Day of the East Asian Lunisolar Calendar"
Q840318|P11250|"shinto:November 9 (Lunisolar)"
Q840318|Den|"Day of the East Asian Lunisolar Calendar"
Q840217|P11250|"shinto:October 1 (Lunisolar)"
Q840217|Den|"Day of the East Asian Lunisolar Calendar"
Q840269|P11250|"shinto:October 10 (Lunisolar)"
Q840269|Den|"Day of the East Asian Lunisolar Calendar"
Q836346|P11250|"shinto:October 11 (Lunisolar)"
Q836346|Den|"Day of the East Asian Lunisolar Calendar"
Q840037|P11250|"shinto:October 12 (Lunisolar)"
Q840037|Den|"Day of the East Asian Lunisolar Calendar"
Q840097|P11250|"shinto:October 13 (Lunisolar)"
Q840097|Den|"Day of the East Asian Lunisolar Calendar"
Q840361|P11250|"shinto:October 14 (Lunisolar)"
Q840361|Den|"Day of the East Asian Lunisolar Calendar"
Q840184|P11250|"shinto:October 15 (Lunisolar)"
Q840184|Den|"Day of the East Asian Lunisolar Calendar"
Q840421|P11250|"shinto:October 16 (Lunisolar)"
Q840421|Den|"Day of the East Asian Lunisolar Calendar"
Q840266|P11250|"shinto:October 17 (Lunisolar)"
Q840266|Den|"Day of the East Asian Lunisolar Calendar"
Q840391|P11250|"shinto:October 18 (Lunisolar)"
Q840391|Den|"Day of the East Asian Lunisolar Calendar"
Q840063|P11250|"shinto:October 19 (Lunisolar)"
Q840063|Den|"Day of the East Asian Lunisolar Calendar"
Q840108|P11250|"shinto:October 2 (Lunisolar)"
Q840108|Den|"Day of the East Asian Lunisolar Calendar"
Q840198|P11250|"shinto:October 20 (Lunisolar)"
Q840198|Den|"Day of the East Asian Lunisolar Calendar"
Q840106|P11250|"shinto:October 21 (Lunisolar)"
Q840106|Den|"Day of the East Asian Lunisolar Calendar"
Q840043|P11250|"shinto:October 22 (Lunisolar)"
Q840043|Den|"Day of the East Asian Lunisolar Calendar"
Q840386|P11250|"shinto:October 23 (Lunisolar)"
Q840386|Den|"Day of the East Asian Lunisolar Calendar"
Q840302|P11250|"shinto:October 24 (Lunisolar)"
Q840302|Den|"Day of the East Asian Lunisolar Calendar"
Q840056|P11250|"shinto:October 25 (Lunisolar)"
Q840056|Den|"Day of the East Asian Lunisolar Calendar"
Q840425|P11250|"shinto:October 26 (Lunisolar)"
Q840425|Den|"Day of the East Asian Lunisolar Calendar"
Q840116|P11250|"shinto:October 27 (Lunisolar)"
Q840116|Den|"Day of the East Asian Lunisolar Calendar"
Q840432|P11250|"shinto:October 28 (Lunisolar)"
Q840432|Den|"Day of the East Asian Lunisolar Calendar"
Q840175|P11250|"shinto:October 29 (Lunisolar)"
Q840175|Den|"Day of the East Asian Lunisolar Calendar"
Q840372|P11250|"shinto:October 3 (Lunisolar)"
Q840372|Den|"Day of the East Asian Lunisolar Calendar"
Q840193|P11250|"shinto:October 30 (Lunisolar)"
Q840193|Den|"Day of the East Asian Lunisolar Calendar"
Q840358|P11250|"shinto:October 4 (Lunisolar)"
Q840358|Den|"Day of the East Asian Lunisolar Calendar"
Q840255|P11250|"shinto:October 5 (Lunisolar)"
Q840255|Den|"Day of the East Asian Lunisolar Calendar"
Q840129|P11250|"shinto:October 6 (Lunisolar)"
Q840129|Den|"Day of the East Asian Lunisolar Calendar"
Q840398|P11250|"shinto:October 7 (Lunisolar)"
Q840398|Den|"Day of the East Asian Lunisolar Calendar"
Q840126|P11250|"shinto:October 8 (Lunisolar)"
Q840126|Den|"Day of the East Asian Lunisolar Calendar"
Q840025|P11250|"shinto:October 9 (Lunisolar)"
Q840025|Den|"Day of the East Asian Lunisolar Calendar"
Q840137|P11250|"shinto:September 1 (Lunisolar)"
Q840137|Den|"Day of the East Asian Lunisolar Calendar"
Q840113|P11250|"shinto:September 10 (Lunisolar)"
Q840113|Den|"Day of the East Asian Lunisolar Calendar"
Q840151|P11250|"shinto:September 11 (Lunisolar)"
Q840151|Den|"Day of the East Asian Lunisolar Calendar"
Q840306|P11250|"shinto:September 12 (Lunisolar)"
Q840306|Den|"Day of the East Asian Lunisolar Calendar"
Q840131|P11250|"shinto:September 13 (Lunisolar)"
Q840131|Den|"Day of the East Asian Lunisolar Calendar"
Q840172|P11250|"shinto:September 14 (Lunisolar)"
Q840172|Den|"Day of the East Asian Lunisolar Calendar"
Q840070|P11250|"shinto:September 15 (Lunisolar)"
Q840070|Den|"Day of the East Asian Lunisolar Calendar"
Q840252|P11250|"shinto:September 16 (Lunisolar)"
Q840252|Den|"Day of the East Asian Lunisolar Calendar"
Q840158|P11250|"shinto:September 17 (Lunisolar)"
Q840158|Den|"Day of the East Asian Lunisolar Calendar"
Q840287|P11250|"shinto:September 18 (Lunisolar)"
Q840287|Den|"Day of the East Asian Lunisolar Calendar"
Q840324|P11250|"shinto:September 19 (Lunisolar)"
Q840324|Den|"Day of the East Asian Lunisolar Calendar"
Q840347|P11250|"shinto:September 2 (Lunisolar)"
Q840347|Den|"Day of the East Asian Lunisolar Calendar"
Q840203|P11250|"shinto:September 20 (Lunisolar)"
Q840203|Den|"Day of the East Asian Lunisolar Calendar"
Q840212|P11250|"shinto:September 21 (Lunisolar)"
Q840212|Den|"Day of the East Asian Lunisolar Calendar"
Q840122|P11250|"shinto:September 22 (Lunisolar)"
Q840122|Den|"Day of the East Asian Lunisolar Calendar"
Q840365|P11250|"shinto:September 23 (Lunisolar)"
Q840365|Den|"Day of the East Asian Lunisolar Calendar"
Q840207|P11250|"shinto:September 24 (Lunisolar)"
Q840207|Den|"Day of the East Asian Lunisolar Calendar"
Q840119|P11250|"shinto:September 25 (Lunisolar)"
Q840119|Den|"Day of the East Asian Lunisolar Calendar"
Q840298|P11250|"shinto:September 26 (Lunisolar)"
Q840298|Den|"Day of the East Asian Lunisolar Calendar"
Q840076|P11250|"shinto:September 27 (Lunisolar)"
Q840076|Den|"Day of the East Asian Lunisolar Calendar"
Q840059|P11250|"shinto:September 28 (Lunisolar)"
Q840059|Den|"Day of the East Asian Lunisolar Calendar"
Q840263|P11250|"shinto:September 29 (Lunisolar)"
Q840263|Den|"Day of the East Asian Lunisolar Calendar"
Q840404|P11250|"shinto:September 3 (Lunisolar)"
Q840404|Den|"Day of the East Asian Lunisolar Calendar"
Q840189|P11250|"shinto:September 30 (Lunisolar)"
Q840189|Den|"Day of the East Asian Lunisolar Calendar"
Q840145|P11250|"shinto:September 4 (Lunisolar)"
Q840145|Den|"Day of the East Asian Lunisolar Calendar"
Q840086|P11250|"shinto:September 5 (Lunisolar)"
Q840086|Den|"Day of the East Asian Lunisolar Calendar"
Q840351|P11250|"shinto:September 6 (Lunisolar)"
Q840351|Den|"Day of the East Asian Lunisolar Calendar"
Q840249|P11250|"shinto:September 7 (Lunisolar)"
Q840249|Den|"Day of the East Asian Lunisolar Calendar"
Q840354|P11250|"shinto:September 8 (Lunisolar)"
Q840354|Den|"Day of the East Asian Lunisolar Calendar"
Q840325|P11250|"shinto:September 9 (Lunisolar)"
Q840325|Den|"Day of the East Asian Lunisolar Calendar"
Q839352|P11250|"shinto:April (Lunisolar)"
Q841072|P11250|"shinto:August (Lunisolar)"
Q838935|P11250|"shinto:February (Lunisolar)"
Q839027|P11250|"shinto:July (Lunisolar)"
Q839146|P11250|"shinto:June (Lunisolar)"
Q6364021|P11250|"shinto:Kannazuki"
Q905470|P11250|"shinto:Layue"
Q838927|P11250|"shinto:March (Lunisolar)"
Q839049|P11250|"shinto:May (Lunisolar)"
Q905859|P11250|"shinto:November (Lunisolar)"
Q840528|P11250|"shinto:September (Lunisolar)"
Q1072983|P11250|"shinto:Zhengyue"
